strategy_left,strategy_right,daily_net_return_correlation,rolling_60d_correlation_mean,rolling_60d_correlation_min,rolling_60d_correlation_max,rolling_60d_correlation_latest,drawdown_overlap,rebalance_holdings_overlap,distinctness_decision,likely_shared_return_driver
C2A2_002,C2A2_020,0.906597943376552,0.8830621033804498,0.056103018374526505,0.9812745373753698,0.9594470503204482,0.9281795511221945,0.3793528910294976,ECONOMICALLY_DUPLICATE,defensive low-risk and liquidity-resilience exposure
C2A2_002,C2B2_004,0.5234721944229854,0.4728700488986354,-0.31288965422756204,0.9136008005914517,0.45558226708774,0.872852233676976,0.26527860189315633,PARTIALLY_OVERLAPPING,defensive/crash-risk exposure
C2A2_020,C2B2_004,0.46890734316983873,0.42793284452179553,-0.44311404064241844,0.913373305038539,0.5054100837029759,0.9000974658869396,0.2908379230987741,PARTIALLY_OVERLAPPING,resilience and crash-risk exposure
